{
    "loss": 32.05998992919922,
    "accuracy": 0.48201438784599304
}